<?xml version="1.0" encoding="UTF-8"?>


<!--
  OpenRemote, the Home of the Digital Home.
  Copyright 2008-2011, OpenRemote Inc.

  See the contributors.txt file in the distribution for a
  full listing of individual contributors.

  This is free software; you can redistribute it and/or modify it
  under the terms of the GNU General Public License as
  published by the Free Software Foundation; either version 3.0 of
  the License, or (at your option) any later version.

  This software is distributed in the hope that it will be useful,
  but WITHOUT ANY WARRANTY; without even the implied warranty of
  MERCHANTABILITY or FITNESS FOR A PARTICULAR PURPOSE.

  You should have received a copy of the GNU General Public
  License along with this software; if not, write to the Free
  Software Foundation, Inc., 51 Franklin St, Fifth Floor, Boston, MA
  02110-1301 USA, or see the FSF site: http://www.fsf.org.
-->

<!--
 |  Controller definition for Switch XML to Java object mapper tests.
 |
 |  Author: Juha Lindfors
 +-->
<openremote xmlns="http://www.openremote.org"
            xmlns:xsi="http://www.w3.org/2001/XMLSchema-instance"
            xsi:schemaLocation="http://www.openremote.org ../../../../../config/controller-2.0-M6.xsd ">

  <!--

      COMPONENT DEFINITIONS


      Two regular switches with on/off commands and status read command.

  -->
  <components>

    <switch id = "3">
      <on>
        <include type = "command" ref = "100" />
      </on>

      <off>
        <include type = "command" ref = "99" />
      </off>

      <include type = "sensor" ref = "1003" />
    </switch>

    <switch id = "4">
      <on>
        <include type = "command" ref = "100" />
      </on>

      <off>
        <include type = "command" ref = "99" />
      </off>

      <include type = "sensor" ref = "1004" />
    </switch>

	</components>


  <!--

      SENSOR DEFINITIONS

      Two switch sensors, both with redundant state mappings.
  -->
  <sensors>

    <sensor id = "1003" name = "[SWITCH BUILDER TEST] - sensor 1003" type = "switch">
      <include type = "command" ref = "98" />

      <state name = "on" value = "on" />
      <state name = "off" value = "off" />
    </sensor>

    <sensor id = "1004" name = "[SWITCH BUILDER TEST] - sensor 1004" type = "switch">
      <include type = "command" ref = "98" />

      <state name = "on" value = "on" />
      <state name = "off" value = "off" />
    </sensor>

  </sensors>


  <!--

      COMMAND DEFINITIONS

      Virtual commands to satisfy the object model.
  -->
  <commands>

    <command id = "98" protocol = "virtual">
      <property name = "command" value = "STATUS"/>
      <property name = "address" value = "cmd3"/>
    </command>

    <command id = "100" protocol = "virtual">
      <property name = "command" value = "ON"/>
      <property name = "address" value = "cmd1"/>
    </command>

    <command id = "99" protocol = "virtual">
      <property name = "command" value = "OFF"/>
      <property name = "address" value = "cmd2"/>
    </command>

  </commands>
	
	<config>
	</config>
	
</openremote>
