<?xml version="1.0" encoding="UTF-8"?>


<!--
  OpenRemote, the Home of the Digital Home.
  Copyright 2008-2011, OpenRemote Inc.

  See the contributors.txt file in the distribution for a
  full listing of individual contributors.

  This is free software; you can redistribute it and/or modify it
  under the terms of the GNU General Public License as
  published by the Free Software Foundation; either version 3.0 of
  the License, or (at your option) any later version.

  This software is distributed in the hope that it will be useful,
  but WITHOUT ANY WARRANTY; without even the implied warranty of
  MERCHANTABILITY or FITNESS FOR A PARTICULAR PURPOSE.

  You should have received a copy of the GNU General Public
  License along with this software; if not, write to the Free
  Software Foundation, Inc., 51 Franklin St, Fifth Floor, Boston, MA
  02110-1301 USA, or see the FSF site: http://www.fsf.org.
-->

<!--
 |  Controller definition for gesture XML-to-Java object mapper tests.
 |
 |  Author: Juha Lindfors
 +-->
<openremote xmlns = "http://www.openremote.org"
            xmlns:xsi = "http://www.w3.org/2001/XMLSchema-instance"
            xsi:schemaLocation = "http://www.openremote.org ../../../../../config/controller-2.0-M6.xsd ">

  <!--

      COMPONENTS

  -->
  <components>

    <!-- Gesture ID mapped to a command -->

    <gesture id = "7" >
      <include type = "command" ref = "100"/>
    </gesture>


    <!-- Basic button definition used in one of the error-case tests -->

    <button id="9">
      <delay>500</delay>
      <include type="command" ref="99" />
    </button>

  </components>

  <sensors></sensors>


  
  <!--

      COMMAND DEFINITIONS

      Virtual commands to satisfy the object model.
  -->
  <commands>

    <command id = "100" protocol = "virtual">
      <property name = "command" value = "ON" />
      <property name = "address" value = "cmd1" />
    </command>

    <command id = "99" protocol = "virtual">
      <property name = "command" value = "OFF" />
      <property name = "address" value = "cmd2" />
    </command>
  </commands>

  <config></config>

</openremote>
