<?xml version="1.0" encoding="UTF-8"?>
<openremote xmlns="http://www.openremote.org" xmlns:xsi="http://www.w3.org/2001/XMLSchema-instance" xsi:schemaLocation="http://www.openremote.org ../../../../../config/controller-2.0-M6.xsd ">
  <components>


    <!--

       BASIC SWITCH COMPONENT WITH WRITE ON/OFF COMMANDS
       AND SENSOR WITH A READ COMMAND

    -->
    <switch id = "1">
      <on>
          <include type = "command" ref = "501" />
      </on>
      <off>
          <include type = "command" ref = "502" />
      </off>

      <include type = "sensor" ref = "1001" />
    </switch>



		<switch id = "2">
			<on>
			    <include type="command" ref="100" />
			</on>
			<off>
			    <include type="command" ref="99" />
			</off>
			<include type="sensor" ref="1002" />
		</switch>
		<switch id = "3">
			<on>
			    <include type="command" ref="100" />
			</on>
			<off>
			    <include type="command" ref="99" />
			</off>
			<include type="sensor" ref="1003" />
		</switch>
		<switch id = "4">
			<on>
			    <include type="command" ref="100" />
			</on>
			<off>
			    <include type="command" ref="99" />
			</off>
			<include type="sensor" ref="1004" />
		</switch>


    <!--

        "ACTIVE" SLIDER WITH WRITE COMMAND TO SET VALUE
        AND BOUND TO RANGE SENSOR [-20..100]

    -->
    <slider id = "8">
      <setValue>
        <include type = "command" ref = "507" />
      </setValue>

      <include type = "sensor" ref = "1008" />
    </slider>




		<button id = "9">
			<delay>500</delay>
      		<include type="command" ref="99" />
    	</button>

    <image id = "10">
			<include type="sensor" ref="1005" />
		</image>

		<image id = "11">
			<include type="sensor" ref="1009" />
		</image>

		<slider id = "12">
			<include type="sensor" ref="1008" />
		</slider>
	</components>


  
	<!--

	     SENSORS

	-->
	<sensors>


    <!--

          Switch Sensor with redundant <state> mapping entries

    -->
    <sensor id = "1001" name = "lampA power sensor" type = "switch">
      <include type = "command" ref = "98" />

      <state name = "on" value = "on" />
      <state name = "off" value = "off" />
    </sensor>


		<sensor id="1002" name="lampB power sensor" type="switch">
	    	<include type="command" ref="98" />
	    	<state name="on" value="on" />
	    	<state name="off" value="off" />
		</sensor>
		<sensor id="1003" name="lampC power sensor" type="switch">
	    	<include type="command" ref="98" />
	    	<state name="on" value="on" />
	    	<state name="off" value="off" />
		</sensor>
		<sensor id="1004" name="lampD power sensor" type="switch">
	    	<include type="command" ref="98" />
	    	<state name="on" value="on" />
	    	<state name="off" value="off" />
		</sensor>


		<!-- Any possible state values will return -->
		<sensor id="1005" name="DV sensor" type="custom">
	    	<include type="command" ref="96" />
		</sensor>


    <!--

          Slider range sensor

    -->
    <sensor id = "1008" name = "range sensor" type = "range">
      <include type = "command" ref = "96" />

      <min value = "-20" />
      <max value = "100" />
    </sensor>


    <!--

          Temperature range sensor  (EVENT LISTENER)

    -->
		<sensor id = "1088" name = "temperature" type = "range">
	    	<include type = "command" ref = "510" />
	    	<min value = "-50" />
	    	<max value = "50" />
		</sensor>


    <!--

          TODO :  VERIFY THE ERROR HANDLING / MESSAGE WHEN COMMAND REF IS NOT FOUND

		<sensor id = "1088" name = "temperature" type = "range">
	    	<include type = "command" ref = "520" />
	    	<min value = "-50" />
	    	<max value = "50" />
		</sensor>

    -->

		<sensor id="1009" name="Door power sensor" type="custom">
	    	<include type="command" ref="98" />
	    	<state name="open" value="on" />
	    	<state name="close" value="off" />
		</sensor>
		<sensor id="1010" name="range sensor" type="level">
	    	<include type="command" ref="96" />
	    	<min value="0" />
	    	<max value="100" />
		</sensor>
	</sensors>



	<commands>

    <!--

          First switch commands on/off

    -->
    <command id = "501" protocol = "virtual">
			<property name = "command" value = "ON"/>
      <property name = "address" value = "switch 1"/>
		</command>

		<command id = "502" protocol = "virtual">
			<property name = "command" value = "OFF"/>
      <property name = "address" value = "switch 1"/>
		</command>


		<command id="98" protocol="virtual">
			<property name="command" value="STATUS" />
      <property name = "address" value = "switch 1"/>
		</command>


    <!--

          Slider state write command

    -->
		<command id = "507" protocol = "virtual">
			<property name = "command" value = "CHANGE" />
      <property name = "address" value = "slider"/>
		</command>



    <command id="96" protocol="virtual">
      <property name="command" value="STATUS" />
      <property name = "address" value = "switch 5"/>
    </command>


    <command id = "510" protocol = "virtual">
      <property name = "command" value = "TemperatureSensor" />
      <property name = "address" value = "thermo 1"/>
    </command>


	</commands>
	
	<config>
		<property name="controller.applicationname" value="controller1" />
		<property name="copy.lircd.conf.on" value="false" />
		<property name="resource.path" value="/home/openremote/controller" />
		<property name="lircd.conf.path" value="/etc/lircd.conf" />
		<property name="irsend.path" value="/usr/local/bin/irsend" />
		<property name="webapp.port" value="8888" />
		<property name="Macro.IR.Execution.Delay" value="500" />
		<property name="multicast.port" value="3333" />
		<property name="multicast.address" value="224.0.1.100" />
		<property name="webapp.ip" value="192.168.4.63" />
		<property name="beehive.REST.Root.Url" value="http://openremote.org/beehvie/rest/" />
		
		<property name="controller.groupmember.autodetect.on" value="true" />
		<property name="controller.roundrobin.multicast.address" value="224.0.1.200" />
		<property name="controller.roundrobin.multicast.port" value="20000" />
		<property name="controller.groupname" value="openremote-office" />
		<property name="controller.roundrobin.tcpserver.port" value="10000" />
		<property name="controller.groupmember.candidate.urls" value="http://192.168.1.5:8080/controller/,http://192.168.1.100:8080/controller/,http://192.168.1.105:8080/controller/" />
	</config>
	
</openremote>
