<?xml version="1.0" encoding="UTF-8"?>
 
<!--
 **
 * OpenRemote, the Home of the Digital Home.
 * Copyright 2008-2013, OpenRemote Inc.
 *
 * See the contributors.txt file in the distribution for a
 * full listing of individual contributors.
 *
 * This program is free software: you can redistribute it and/or modify
 * it under the terms of the GNU Affero General Public License as
 * published by the Free Software Foundation, either version 3 of the
 * License, or (at your option) any later version.
 *
 * This program is distributed in the hope that it will be useful,
 * but WITHOUT ANY WARRANTY; without even the implied warranty of
 * MERCHANTABILITY or FITNESS FOR A PARTICULAR PURPOSE. See the
 * GNU Affero General Public License for more details.
 *
 * You should have received a copy of the GNU Affero General Public License
 * along with this program. If not, see <http://www.gnu.org/licenses/>.
 **
-->

<!--
 | JavaBean Bindings
 |
 | Author: Juha Lindfors
 | Author: Dan Cong
 +-->
<beans xmlns = "http://www.springframework.org/schema/beans"
       xmlns:xsi = "http://www.w3.org/2001/XMLSchema-instance"
       xmlns:aop = "http://www.springframework.org/schema/aop"
       xmlns:tx = "http://www.springframework.org/schema/tx"
       xsi:schemaLocation = "http://www.springframework.org/schema/beans http://www.springframework.org/schema/beans/spring-beans-2.0.xsd http://www.springframework.org/schema/tx http://www.springframework.org/schema/tx/spring-tx-2.0.xsd
       http://www.springframework.org/schema/aop http://www.springframework.org/schema/aop/spring-aop-2.0.xsd">

  <bean id="propertyConfigurer"
        class="org.springframework.beans.factory.config.PropertyPlaceholderConfigurer">
      <property name="locations">
        <list>
            <value>classpath:config.properties</value>
            <value>classpath:roundrobin.properties</value>
            <value>classpath:lutron_homeworks.properties</value>
            <value>classpath:marantz_avr.properties</value>
            <value>classpath:amx_ni.properties</value>
            <value>classpath:denonAVRSerial.properties</value>
            <value>classpath:enocean.properties</value>
          </list>
      </property>
  </bean>

  <bean id="denonAVRSerialCommands" class="org.springframework.beans.factory.config.PropertiesFactoryBean">
	<property name="location">
		<value>classpath:denonAVRSerialCommands.properties</value>
	</property>
  </bean>

  <!--
  | Configuration variable mapping from controller config.properties file
  | to org.openremote.controller.ControllerConfiguration class.
  |
  | Property names must match to valid accessor methods in the Configuration class.
  | Property values contain the expected property name in config.properties file.
  +-->
  <bean id = "configuration" class = "org.openremote.controller.ControllerConfiguration">
    <property name = "irsendPath" value = "${irsend.path}"/>
    <property name = "lircdconfPath" value = "${lircd.conf.path}"/>
    <property name = "copyLircdconf" value = "${copy.lircd.conf.on}"/>
    <property name = "webappIp" value = "${webapp.ip}" />
    <property name = "webappPort" value = "${webapp.port}"/>
    <property name = "multicastAddress" value = "${multicast.address}"/>
    <property name = "multicastPort" value = "${multicast.port}"/>
    <property name = "resourcePath" value = "${resource.path}"/>
    <property name = "resourceUploadAllowed" value = "${resource.upload.allowed}"/>
    <property name = "macroIRExecutionDelay" value = "${Macro.IR.Execution.Delay}" />
    <property name = "beehiveRESTRootUrl" value="${beehive.REST.Root.Url}" />
    <property name = "beehiveAccountServiceRESTRootUrl" value="${beehiveAccountService.REST.Root.Url}" />
    <property name = "beehiveDeviceDiscoveryServiceRESTRootUrl" value="${beehiveDeviceDiscoveryService.REST.Root.Url}" />
    <property name = "beehiveControllerCommandServiceRESTRootUrl" value="${beehiveControllerCommandService.REST.Root.Url}" />
    <property name = "beehiveSyncing" value="${controller.performBeehiveSyncing}" />
    <property name = "webappName" value="${controller.applicationname}" />
    <property name = "comPort" value = "${com.port}"/>
    <property name = "proxyTimeout" value = "${proxy.timeout}"/>
    <property name = "beehiveCommandServiceCheckInterval" value = "${beehiveCommandService.check.interval}"/>
    <property name = "lagartoBroadcastAddr" value = "${lagarto_network.broadcast}"/>
  </bean>

  <!-- round-robin variables -->
  <bean id="roundRobinConfig" class="org.openremote.controller.RoundRobinConfiguration">
    <property name="isGroupMemberAutoDetectOn" value="${controller.groupmember.autodetect.on}" />
      <property name="roundRobinMulticastAddress" value="${controller.roundrobin.multicast.address}" />
      <property name="roundRobinMulticastPort" value="${controller.roundrobin.multicast.port}" />
      <property name="controllerGroupName" value="${controller.groupname}" />
      <property name="controllerApplicationName" value="${controller.applicationname}" />
      <property name="roundRobinTCPServerSocketPort" value="${controller.roundrobin.tcpserver.port}" />
      <property name="groupMemberCandidateURLs" value="${controller.groupmember.candidate.urls}" />
  </bean>

  <bean id="lutronHomeWorksConfig" class="org.openremote.controller.LutronHomeWorksConfig">
    <property name="userName" value="${lutron_homeworks.username}" />
    <property name="password" value="${lutron_homeworks.password}" />
    <property name="address" value="${lutron_homeworks.address}" />
    <property name="port" value="${lutron_homeworks.port}" />
  </bean>
  
  <bean id="lutronHomeWorksGateway" class="org.openremote.controller.protocol.lutron.LutronHomeWorksGateway"/>

  <bean id="marantzAVRConfig" class="org.openremote.controller.MarantzAVRConfig">
    <property name="address" value="${marantz_avr.address}" />
  </bean>
  
  <bean id="marantzAVRGateway" class="org.openremote.controller.protocol.marantz_avr.MarantzAVRGateway"/>

  <bean id="AMXNIConfig" class="org.openremote.controller.AMXNIConfig">
    <property name="address" value="${amx_ni.address}" />
    <property name="port" value="${amx_ni.port}" />
  </bean>
  
  <bean id="AMXNIGateway" class="org.openremote.controller.protocol.amx_ni.AMXNIGateway"/>
  
  <bean id="enoceanConfig" class="org.openremote.controller.EnOceanConfiguration">
    <property name="comPort" value="${enocean.comPort}" />
    <property name="commLayer" value="${enocean.commLayer}" />
    <property name="serialProtocol" value="${enocean.serialProtocol}" />
  </bean>

  <!-- TODO -->
  <bean id = "controlCommandService"
        class = "org.openremote.controller.service.impl.ControlCommandServiceImpl">
    <constructor-arg ref = "deployer"/>
    <constructor-arg ref = "componentFactory"/>
  </bean>
  
  <bean id="denonAVRSerialConfiguration" class="org.openremote.controller.DenonAVRSerialConfiguration">
   	<property name="connectionType" value="${denonAVRSerial.connectionType}" />
   	<property name="comPort" value="${denonAVRSerial.comPort}" />
   	<property name="udpIp" value="${denonAVRSerial.udpIp}" />
   	<property name="udpPort" value="${denonAVRSerial.udpPort}" />
  </bean>

    

	<!-- profile service -->
    <bean id="profileService" class="org.openremote.controller.service.impl.ProfileServiceImpl" >
    	<property name="configuration" ref="configuration"/>
    </bean>

    <!-- round-robin service -->
    <bean id="roundRobinService" class="org.openremote.controller.service.impl.RoundRobinServiceImpl" >
    	<property name = "roundRobinConfig" ref = "roundRobinConfig"/>
    </bean>
    
    <bean id = "servers" class="java.util.concurrent.ConcurrentHashMap" />


    <!-- TODO : service for status command from panel -->
    <bean id = "statusCommandService"
          class = "org.openremote.controller.service.impl.StatusCommandServiceImpl">

      <constructor-arg ref="deployer"/>
      <constructor-arg ref="statusCache"/>
    </bean>

  
    <!-- service for listening the status of device -->
    <bean id = "statusPollingService"
          class = "org.openremote.controller.service.impl.StatusPollingServiceImpl">

      <property name = "deployer" ref="deployer"/>
      <property name = "statusCache" ref="statusCache"/>
      <property name = "changedStatusTable" ref = "changedStatusTable"/>
    </bean>
    
    <bean id = "changedStatusTable" class="org.openremote.controller.statuscache.ChangedStatusTable" />



  <!--
   | TODO
   |
   |
   +-->
	<bean id = "statusCache" class="org.openremote.controller.statuscache.StatusCache">

    <constructor-arg ref = "changedStatusTable"/>
    <constructor-arg ref = "eventProcessorChain"/>
    
  </bean>



  <!--
   | TODO
   |
   |
   +-->
  <bean id = "deployer" class = "org.openremote.controller.service.Deployer">

    <constructor-arg value = "Default Deployer"/>
    <constructor-arg ref = "statusCache"/>
    <constructor-arg ref = "configuration"/>
    <constructor-arg ref = "beehiveCmdCheckService"/>
    <constructor-arg>
      <map>
        <entry key = "2.0" value-ref = "schema20"/>
        <entry key = "3.0" value-ref = "schema30"/>
      </map>
    </constructor-arg>

  </bean>

  <bean id = "beehiveCmdCheckService" class = "org.openremote.controller.service.BeehiveCommandCheckService">
    <constructor-arg ref = "configuration"/>
  </bean>

  <!--
   | TODO   : XML mappers
   |
   |
   +-->
  <bean id = "schema20" class = "org.openremote.controller.deployer.Version20ModelBuilder">

    <constructor-arg ref = "statusCache"/>
    <constructor-arg ref = "configuration"/>
    <constructor-arg ref = "sensorBuilder"/>
    <constructor-arg ref = "commandBuilder"/>
    <constructor-arg ref = "commandFactory"/>
    
  </bean>

  <bean id = "schema30" class = "org.openremote.controller.deployer.Version30ModelBuilder"/>

  
  <bean id = "sensorBuilder" class = "org.openremote.controller.model.xml.Version20SensorBuilder">
<!--
    <constructor-arg ref = "version20ModelBuilder"/>
    <constructor-arg ref = "statusCache"/>
-->    
    <property name = "commandFactory" ref = "commandFactory"/>  <!-- TODO -->
  </bean>

  <bean id = "commandBuilder" class = "org.openremote.controller.deployer.Version20CommandBuilder">

    <constructor-arg ref = "commandFactory"/>
    
  </bean>


<!-- 
Preinstalled protocols that come shipped with the controller. Additional protocols can be loaded during controller.xml deployment.
The config section of the controller.xml needs to provide information about the additional protocol and the commandBuilder class.
Additional protocols can either be added manually when editing controller.xml or the designer can create the entry when commands for that
protocol are defined. 

The entry looks like this:  <property name="protocol.zwave.classname" value="org.openremote.controller.protocol.zwave.ZWaveCommandBuilder" />

The needed classes have to be provided as a jar file and copied to lib folder.
 -->
  <bean id = "commandFactory" class = "org.openremote.controller.command.CommandFactory">
    <constructor-arg>
      <map>
        <entry key = "ir"               value-ref = "irCommandBuilder"/>
        <entry key = "knx"              value-ref = "knxCommandBuilder"/>
        <entry key = "x10"              value-ref = "x10CommandBuilder"/>
        <entry key = "socket"           value-ref = "tcpSocketCommandBuilder"/>
        <entry key = "telnet"           value-ref = "telnetCommandBuilder"/>
        <entry key = "http"             value-ref = "httpGetCommandBuilder"/>
<!--    <entry key = "upnp"             value-ref = "upnpCommandBuilder"/>      -->
        <entry key = "virtual"          value-ref = "virtualCommandBuilder"/>
        <entry key = "onewire"          value-ref = "oneWireCommandBuilder"/>
        <entry key = "lutron_homeworks" value-ref = "lutronHomeWorksCommandBuilder"/>
        <entry key = "marantz_avr"		value-ref = "marantzAVRCommandBuilder"/>
        <entry key = "datetime"         value-ref = "datetimeCommandBuilder"/>
        <entry key = "wol"              value-ref = "wolCommandBuilder"/>
        <entry key = "russound"         value-ref = "russoundCommandBuilder"/>
        <entry key = "hsc40"            value-ref = "hsc40CommandBuilder"/>
        <entry key = "udp"              value-ref = "udpSocketCommandBuilder"/>
        <entry key = "denonAVRSerial"   value-ref = "denonAVRSerialCommandBuilder"/>
        <entry key = "shellexe"         value-ref = "shellexeCommandBuilder"/>
        <entry key = "isy99"            value-ref = "isy99CommandBuilder"/>
        <entry key = "udpListener"      value-ref = "udpListenerCommandBuilder"/>
        <entry key = "rrdGraphUrl"         value-ref = "rrdGraphUrlCommandBuilder"/>
        <entry key = "dscit100"         value-ref = "dscit100CommandBuilder"/>
        <entry key = "lagarto"          value-ref = "lagartoCommandBuilder"/>
        <entry key = "amx_ni"           value-ref = "AMXNICommandBuilder"/>
        <entry key = "enocean"          value-ref = "enoceanCommandBuilder"/>
      </map>
    </constructor-arg>

<!--
		<property name = "commandBuilders">
		    <props>
                <prop key = "ir">irCommandBuilder</prop>
                <prop key = "knx">knxCommandBuilder</prop>
                <prop key = "x10">x10CommandBuilder</prop>
                <prop key = "socket">tcpSocketCommandBuilder</prop>
                <prop key = "telnet">telnetCommandBuilder</prop>
                <prop key = "http">httpGetCommandBuilder</prop>
                <!- <prop key = "upnp">upnpCommandBuilder</prop> ->
                <prop key = "virtual">virtualCommandBuilder</prop>
                <prop key = "mockup">mockupCommandBuilder</prop>
                <prop key = "onewire">oneWireCommandBuilder</prop>
                <prop key = "lutron_homeworks">lutronHomeWorksCommandBuilder</prop>
                <prop key = "lagarto">lagartoCommandBuilder</prop>
		    </props>
		</property>
-->
	</bean>

	<!-- COMMAND BUILDERS ============================================================================
	 |
	 | Implementation specific builders for the Event Factory bean. In short, each distinct command
	 | type, as they appear in controller.xml, will need a corresponding builder implementation.
	 |
	 | See the org.openremote.controller.command.CommandBuilder interface for details if you seek to
	 | extend the implementation with additional command types.
	 +-->

	<!-- UDPListener Command Builder -->
	<bean id = "udpListenerCommandBuilder" class = "org.openremote.controller.protocol.socket.UDPListenerCommandBuilder"/>
	
	<!-- rrdGraphUrl Command Builder -->
	<bean id = "rrdGraphUrlCommandBuilder" class = "org.openremote.controller.protocol.rrdgraphurl.RrdGraphUrlCommandBuilder"/>

	<!-- shellexe Command Builder -->
	<bean id = "shellexeCommandBuilder" class = "org.openremote.controller.protocol.shellexe.ShellExeCommandBuilder"/>
	
	<!-- Infrared Command Builder -->
	<bean id = "irCommandBuilder" class = "org.openremote.controller.protocol.infrared.IRCommandBuilder"/>
	
	<!-- KNX Command Builder -->
	<bean id = "knxCommandBuilder" class = "org.openremote.controller.protocol.knx.KNXCommandBuilder">
		<constructor-arg index="0" value="${knx.ip.interface.hostname}" />
		<constructor-arg index="1" value="${knx.ip.interface.port}" type="int" />
		<constructor-arg index="2" value="org.openremote.controller.protocol.port.DatagramSocketPort"/>
	</bean>

	<!-- TCP Socket Command Builder for IP enabled devices -->
	<bean id = "tcpSocketCommandBuilder" class = "org.openremote.controller.protocol.socket.TCPSocketCommandBuilder"
	      scope = "prototype"/>

	<!-- UDP Socket Command Builder for IP enabled devices -->
	<bean id = "udpSocketCommandBuilder" class = "org.openremote.controller.protocol.socket.UDPSocketCommandBuilder"
	      scope = "prototype"/>
	      
	<!-- X10 Command Builder -->
	<bean id = "x10CommandBuilder" class = "org.openremote.controller.protocol.x10.X10CommandBuilder"/>
	
	<!-- Telnet Command Builder -->
	<bean id = "telnetCommandBuilder" class = "org.openremote.controller.protocol.telnet.TelnetCommandBuilder"
	      scope = "prototype" />
	
	<!-- HTTP GET Command Builder -->
	<bean id = "httpGetCommandBuilder" class = "org.openremote.controller.protocol.http.HttpGetCommandBuilder"
	      scope = "prototype" />

        <!-- EnOcean Command Builder -->
        <bean id = "enoceanCommandBuilder" class = "org.openremote.controller.protocol.enocean.EnOceanCommandBuilder"/>


  <!-- 1-wire protocol Command Builder -->
  <bean id = "oneWireCommandBuilder" class = "org.openremote.controller.protocol.onewire.OneWireCommandBuilder"/>
  
  <!-- OpenRemote Virtual Command Builder -->
  <bean id = "virtualCommandBuilder" class = "org.openremote.controller.protocol.virtual.VirtualCommandBuilder"/>

  <!-- Russound Command Builder -->
  <bean id = "denonAVRSerialCommandBuilder"
        class = "org.openremote.controller.protocol.denonavrserial.DenonAVRSerialCommandBuilder"
        scope = "prototype"/>

  <!-- ISY-99 Command Builder-->
  <bean id = "isy99CommandBuilder"
        class = "org.openremote.controller.protocol.isy99.Isy99CommandBuilder">

    <constructor-arg index = "0" value = "${isy99.hostname}"/>
    <constructor-arg index = "1" value = "${isy99.username}"/>
    <constructor-arg index = "2" value = "${isy99.password}"/>
  </bean>
    
  
  <!-- Universal Plug'n'Play Command Builder -->
  <!--
  <bean id = "upnpCommandBuilder" class = "org.openremote.controller.protocol.upnp.UPnPCommandBuilder"
        scope = "singleton" />
   -->
	<bean id = "mockupCommandBuilder" class = "org.openremote.controller.protocol.test.mockup.MockupCommandBuilder"
	      scope = "prototype" />


	<bean id="lutronHomeWorksCommandBuilder" class = "org.openremote.controller.protocol.lutron.LutronHomeWorksCommandBuilder">
		<property name="gateway" ref="lutronHomeWorksGateway"/>
	</bean>

  <bean id="marantzAVRCommandBuilder" class = "org.openremote.controller.protocol.marantz_avr.MarantzAVRCommandBuilder">
    <property name="gateway" ref="marantzAVRGateway"/>
  </bean>

  <bean id="AMXNICommandBuilder" class = "org.openremote.controller.protocol.amx_ni.AMXNICommandBuilder">
    <property name="gateway" ref="AMXNIGateway"/>
  </bean>

  <!-- DateTime Command Builder -->
  <bean id = "datetimeCommandBuilder" class = "org.openremote.controller.protocol.datetime.DateTimeCommandBuilder"/>

  <!-- WOL Command Builder -->
  <bean id = "wolCommandBuilder" class = "org.openremote.controller.protocol.wol.WakeOnLanCommandBuilder"/>

  <!-- Russound Command Builder -->
  <bean id = "russoundCommandBuilder" class = "org.openremote.controller.protocol.russound.RussoundCommandBuilder">
    <constructor-arg index="0" value="${russound.ip}" />
    <constructor-arg index="1" value="${russound.port}" type="int" />
    <constructor-arg index="2" value="${russound.keypadId}" />
    <constructor-arg index="3" value="${russound.serialDevice}" />
    <constructor-arg index="4" value="${russound.statusPollingInterval}" />
  </bean>

  <!-- HSC-40 Command Builder -->
  <bean id = "hsc40CommandBuilder" class = "org.openremote.controller.protocol.hsc40.Hsc40CommandBuilder">
    <constructor-arg index="0" value="${hsc40.interface.ip}" />
    <constructor-arg index="1" value="${hsc40.interface.port}" type="int" />
  </bean>

  <!-- DSC IT Security System -->
  <bean id = "dscit100CommandBuilder" class = "org.openremote.controller.protocol.dscit100.DSCIT100CommandBuilder">
    <constructor-arg value = "${dscit100.interface.password}"/>
  </bean>
  
  <!-- Lagarto Command Builder for SWAP (panStamp) devices and other technologies -->
  <bean id = "lagartoCommandBuilder" class = "org.openremote.controller.protocol.lagarto.LagartoCommandBuilder">
    <property name="configuration" ref="configuration"/>
  </bean>

  <!-- TODO -->
  <bean id = "componentFactory" class = "org.openremote.controller.component.ComponentFactory">
    <property name = "componentBuilders">
      <map>
        <entry key = "button" value-ref = "buttonBuilder"/>
        <entry key = "switch" value-ref = "switchBuilder"/>
        <entry key = "label"  value-ref = "labelBuilder"/>
        <entry key = "slider" value-ref = "sliderBuilder"/>
        <entry key = "gesture" value-ref = "gestureBuilder"/>
        <entry key = "image"  value-ref = "imageBuilder"/>
        <entry key = "colorpicker" value-ref = "colorpickerBuilder"/>
      </map>
    </property>
  </bean>


  <!-- EVENT PROCESSING CHAIN =====================================================================
   |
   |
   |
   +-->
  <bean id = "eventProcessorChain" class = "org.openremote.controller.statuscache.EventProcessorChain">
    <property name = "eventProcessors">
    	<list>
    		<bean class = "org.openremote.controller.statuscache.rules.RuleEngine" />
    		<ref bean="rrd4jLogger"/>
     		
    	</list>
    </property>
  </bean>

  <bean id = "rrd4jLogger" class = "org.openremote.controller.statuscache.rrd4j.Rrd4jDataLogger" />

	<!-- UI COMPONENT BUILDERS ============================================================================
	 |
	 | Implementation specific builders for the UI component Factory bean. In short, each distinct command
	 | type, as they appear in controller.xml, will need a corresponding builder implementation.
	 |
	 | See the org.openremote.controller.component.ComponentBuilder interface for details if you seek to
	 | extend the implementation with additional UI component types.
	 +-->
	 
  <!-- TODO -->
	<bean id = "buttonBuilder" class = "org.openremote.controller.component.control.button.ButtonBuilder">
    <property name = "commandFactory" ref = "commandFactory"/>

    <!--  TODO : this explicit dependency will go away once migrated to ObjectBuilder (see ORCJAVA-155) -->
    <property name = "deployer" ref = "deployer"/>
  </bean>
	

  <!-- TODO -->
	<bean id = "switchBuilder" class = "org.openremote.controller.component.control.switchtoggle.SwitchBuilder">
    <property name = "commandFactory" ref = "commandFactory"/>

    <!--  TODO : this explicit dependency will go away once migrated to ObjectBuilder (see ORCJAVA-147) -->
    <property name = "deployer" ref = "deployer"/>
  </bean>


  <!-- TODO -->
	<bean id = "labelBuilder" class = "org.openremote.controller.component.onlysensory.LabelBuilder">

    <!--  TODO : this explicit dependency will go away once migrated to ObjectBuilder (see ORCJAVA-152) -->
    <property name = "deployer" ref = "deployer"/>
  </bean>


  <!-- TODO -->
  <bean id = "imageBuilder" class="org.openremote.controller.component.onlysensory.ImageBuilder">

    <!--  TODO : this explicit dependency will go away once migrated to ObjectBuilder (see ORCJAVA-153) -->
    <property name = "deployer" ref = "deployer"/>
  </bean>


  <!-- TODO -->
	<bean id = "sliderBuilder" class="org.openremote.controller.component.control.slider.SliderBuilder">
    <property name = "commandFactory" ref = "commandFactory"/>

    <!--  TODO : this explicit dependency will go away once migrated to ObjectBuilder (see ORCJAVA-151) -->
    <property name = "deployer" ref = "deployer"/>
  </bean>

  <!-- TODO -->
  <bean id = "colorpickerBuilder" class="org.openremote.controller.component.control.colorpicker.ColorPickerBuilder">
    <property name = "commandFactory" ref = "commandFactory"/>

    <!--  TODO : this explicit dependency will go away once migrated to ObjectBuilder (see ORCJAVA-151) -->
    <property name = "deployer" ref = "deployer"/>
  </bean>
	
  <bean id = "gestureBuilder" class="org.openremote.controller.component.control.gesture.GestureBuilder">
    <property name = "commandFactory" ref = "commandFactory"/>

    <!--  TODO : this explicit dependency will go away once migrated to ObjectBuilder (see ORCJAVA-151) -->
    <property name = "deployer" ref = "deployer"/>
  </bean>

</beans>

